,Team,Win%,Wins,Losses,new_year
0,Hawks,0.293,24,58,2017
1,Hawks,0.524,43,39,2016
2,Hawks,0.585,48,34,2015
3,Hawks,0.732,60,22,2014
4,Hawks,0.463,38,44,2013
5,Hawks,0.537,44,38,2012
6,Hawks,0.606,40,26,2011
7,Hawks,0.537,44,38,2010
8,Hawks,0.646,53,29,2009
9,Hawks,0.573,47,35,2008
10,Hawks,0.451,37,45,2007
11,Hawks,0.366,30,52,2006
12,Hawks,0.317,26,56,2005
13,Hawks,0.159,13,69,2004
14,Hawks,0.341,28,54,2003
15,Hawks,0.427,35,47,2002
16,Hawks,0.402,33,49,2001
17,Hawks,0.305,25,57,2000
18,Hawks,0.341,28,54,1999
19,Hawks,0.62,31,19,1998
20,Hawks,0.61,50,32,1997
21,Hawks,0.683,56,26,1996
22,Hawks,0.561,46,36,1995
23,Hawks,0.512,42,40,1994
24,Hawks,0.695,57,25,1993
25,Hawks,0.524,43,39,1992
26,Hawks,0.463,38,44,1991
27,Hawks,0.524,43,39,1990
28,Hawks,0.5,41,41,1989
29,Hawks,0.634,52,30,1988
30,Hawks,0.61,50,32,1987
31,Hawks,0.695,57,25,1986
32,Hawks,0.61,50,32,1985
33,Hawks,0.415,34,48,1984
34,Hawks,0.488,40,42,1983
35,Hawks,0.524,43,39,1982
36,Hawks,0.512,42,40,1981
37,Hawks,0.378,31,51,1980
38,Celtics,0.671,55,27,2017
39,Celtics,0.646,53,29,2016
40,Celtics,0.585,48,34,2015
41,Celtics,0.488,40,42,2014
42,Celtics,0.305,25,57,2013
43,Celtics,0.506,41,40,2012
44,Celtics,0.591,39,27,2011
45,Celtics,0.683,56,26,2010
46,Celtics,0.61,50,32,2009
47,Celtics,0.756,62,20,2008
48,Celtics,0.805,66,16,2007
49,Celtics,0.293,24,58,2006
50,Celtics,0.402,33,49,2005
51,Celtics,0.549,45,37,2004
52,Celtics,0.439,36,46,2003
53,Celtics,0.537,44,38,2002
54,Celtics,0.598,49,33,2001
55,Celtics,0.439,36,46,2000
56,Celtics,0.427,35,47,1999
57,Celtics,0.38,19,31,1998
58,Celtics,0.439,36,46,1997
59,Celtics,0.183,15,67,1996
60,Celtics,0.402,33,49,1995
61,Celtics,0.427,35,47,1994
62,Celtics,0.39,32,50,1993
63,Celtics,0.585,48,34,1992
64,Celtics,0.622,51,31,1991
65,Celtics,0.683,56,26,1990
66,Celtics,0.634,52,30,1989
67,Celtics,0.512,42,40,1988
68,Celtics,0.695,57,25,1987
69,Celtics,0.72,59,23,1986
70,Celtics,0.817,67,15,1985
71,Celtics,0.768,63,19,1984
72,Celtics,0.756,62,20,1983
73,Celtics,0.683,56,26,1982
74,Celtics,0.768,63,19,1981
75,Celtics,0.756,62,20,1980
76,Nets,0.341,28,54,2017
77,Nets,0.244,20,62,2016
78,Nets,0.256,21,61,2015
79,Nets,0.463,38,44,2014
80,Nets,0.537,44,38,2013
81,Nets,0.598,49,33,2012
82,Nets,0.333,22,44,2011
83,Nets,0.293,24,58,2010
84,Nets,0.146,12,70,2009
85,Nets,0.415,34,48,2008
86,Nets,0.415,34,48,2007
87,Nets,0.5,41,41,2006
88,Nets,0.598,49,33,2005
89,Nets,0.512,42,40,2004
90,Nets,0.573,47,35,2003
91,Nets,0.598,49,33,2002
92,Nets,0.634,52,30,2001
93,Nets,0.317,26,56,2000
94,Nets,0.378,31,51,1999
95,Nets,0.32,16,34,1998
96,Nets,0.524,43,39,1997
97,Nets,0.317,26,56,1996
98,Nets,0.366,30,52,1995
99,Nets,0.366,30,52,1994
100,Nets,0.549,45,37,1993
101,Nets,0.524,43,39,1992
102,Nets,0.488,40,42,1991
103,Nets,0.317,26,56,1990
104,Nets,0.207,17,65,1989
105,Nets,0.317,26,56,1988
106,Nets,0.232,19,63,1987
107,Nets,0.293,24,58,1986
108,Nets,0.476,39,43,1985
109,Nets,0.512,42,40,1984
110,Nets,0.549,45,37,1983
111,Nets,0.598,49,33,1982
112,Nets,0.537,44,38,1981
113,Nets,0.293,24,58,1980
114,Hornets,0.439,36,46,2017
115,Hornets,0.439,36,46,2016
116,Hornets,0.585,48,34,2015
117,Hornets,0.402,33,49,2014
118,Bobcats,0.524,43,39,2013
119,Bobcats,0.256,21,61,2012
120,Bobcats,0.106,7,59,2011
121,Bobcats,0.415,34,48,2010
122,Bobcats,0.537,44,38,2009
123,Bobcats,0.427,35,47,2008
124,Bobcats,0.39,32,50,2007
125,Bobcats,0.402,33,49,2006
126,Bobcats,0.317,26,56,2005
127,Bobcats,0.22,18,64,2004
128,Hornets,0.537,44,38,2001
129,Hornets,0.561,46,36,2000
130,Hornets,0.598,49,33,1999
131,Hornets,0.52,26,24,1998
132,Hornets,0.622,51,31,1997
133,Hornets,0.659,54,28,1996
134,Hornets,0.5,41,41,1995
135,Hornets,0.61,50,32,1994
136,Hornets,0.5,41,41,1993
137,Hornets,0.537,44,38,1992
138,Hornets,0.378,31,51,1991
139,Hornets,0.317,26,56,1990
140,Hornets,0.232,19,63,1989
141,Hornets,0.244,20,62,1988
142,Bulls,0.329,27,55,2017
143,Bulls,0.5,41,41,2016
144,Bulls,0.512,42,40,2015
145,Bulls,0.61,50,32,2014
146,Bulls,0.585,48,34,2013
147,Bulls,0.549,45,37,2012
148,Bulls,0.758,50,16,2011
149,Bulls,0.756,62,20,2010
150,Bulls,0.5,41,41,2009
151,Bulls,0.5,41,41,2008
152,Bulls,0.402,33,49,2007
153,Bulls,0.598,49,33,2006
154,Bulls,0.5,41,41,2005
155,Bulls,0.573,47,35,2004
156,Bulls,0.28,23,59,2003
157,Bulls,0.366,30,52,2002
158,Bulls,0.256,21,61,2001
159,Bulls,0.183,15,67,2000
160,Bulls,0.207,17,65,1999
161,Bulls,0.26,13,37,1998
162,Bulls,0.756,62,20,1997
163,Bulls,0.841,69,13,1996
164,Bulls,0.878,72,10,1995
165,Bulls,0.573,47,35,1994
166,Bulls,0.671,55,27,1993
167,Bulls,0.695,57,25,1992
168,Bulls,0.817,67,15,1991
169,Bulls,0.744,61,21,1990
170,Bulls,0.671,55,27,1989
171,Bulls,0.573,47,35,1988
172,Bulls,0.61,50,32,1987
173,Bulls,0.488,40,42,1986
174,Bulls,0.366,30,52,1985
175,Bulls,0.463,38,44,1984
176,Bulls,0.329,27,55,1983
177,Bulls,0.341,28,54,1982
178,Bulls,0.415,34,48,1981
179,Bulls,0.549,45,37,1980
180,Cavaliers,0.61,50,32,2017
181,Cavaliers,0.622,51,31,2016
182,Cavaliers,0.695,57,25,2015
183,Cavaliers,0.646,53,29,2014
184,Cavaliers,0.402,33,49,2013
185,Cavaliers,0.293,24,58,2012
186,Cavaliers,0.318,21,45,2011
187,Cavaliers,0.232,19,63,2010
188,Cavaliers,0.744,61,21,2009
189,Cavaliers,0.805,66,16,2008
190,Cavaliers,0.549,45,37,2007
191,Cavaliers,0.61,50,32,2006
192,Cavaliers,0.61,50,32,2005
193,Cavaliers,0.512,42,40,2004
194,Cavaliers,0.427,35,47,2003
195,Cavaliers,0.207,17,65,2002
196,Cavaliers,0.354,29,53,2001
197,Cavaliers,0.366,30,52,2000
198,Cavaliers,0.39,32,50,1999
199,Cavaliers,0.44,22,28,1998
200,Cavaliers,0.573,47,35,1997
201,Cavaliers,0.512,42,40,1996
202,Cavaliers,0.573,47,35,1995
203,Cavaliers,0.524,43,39,1994
204,Cavaliers,0.573,47,35,1993
205,Cavaliers,0.659,54,28,1992
206,Cavaliers,0.695,57,25,1991
207,Cavaliers,0.402,33,49,1990
208,Cavaliers,0.512,42,40,1989
209,Cavaliers,0.695,57,25,1988
210,Cavaliers,0.512,42,40,1987
211,Cavaliers,0.378,31,51,1986
212,Cavaliers,0.354,29,53,1985
213,Cavaliers,0.439,36,46,1984
214,Cavaliers,0.341,28,54,1983
215,Cavaliers,0.28,23,59,1982
216,Cavaliers,0.183,15,67,1981
217,Mavericks,0.293,24,58,2017
218,Mavericks,0.402,33,49,2016
219,Mavericks,0.512,42,40,2015
220,Mavericks,0.61,50,32,2014
221,Mavericks,0.598,49,33,2013
222,Mavericks,0.5,41,41,2012
223,Mavericks,0.545,36,30,2011
224,Mavericks,0.695,57,25,2010
225,Mavericks,0.671,55,27,2009
226,Mavericks,0.61,50,32,2008
227,Mavericks,0.622,51,31,2007
228,Mavericks,0.817,67,15,2006
229,Mavericks,0.732,60,22,2005
230,Mavericks,0.707,58,24,2004
231,Mavericks,0.634,52,30,2003
232,Mavericks,0.732,60,22,2002
233,Mavericks,0.695,57,25,2001
234,Mavericks,0.646,53,29,2000
235,Mavericks,0.488,40,42,1999
236,Mavericks,0.38,19,31,1998
237,Mavericks,0.244,20,62,1997
238,Mavericks,0.293,24,58,1996
239,Mavericks,0.317,26,56,1995
240,Mavericks,0.439,36,46,1994
241,Mavericks,0.159,13,69,1993
242,Mavericks,0.134,11,71,1992
243,Mavericks,0.268,22,60,1991
244,Mavericks,0.341,28,54,1990
245,Mavericks,0.573,47,35,1989
246,Mavericks,0.463,38,44,1988
247,Mavericks,0.646,53,29,1987
248,Mavericks,0.671,55,27,1986
249,Mavericks,0.537,44,38,1985
250,Mavericks,0.537,44,38,1984
251,Mavericks,0.524,43,39,1983
252,Mavericks,0.463,38,44,1982
253,Mavericks,0.341,28,54,1981
254,Mavericks,0.183,15,67,1980
255,Nuggets,0.561,46,36,2017
256,Nuggets,0.488,40,42,2016
257,Nuggets,0.402,33,49,2015
258,Nuggets,0.366,30,52,2014
259,Nuggets,0.439,36,46,2013
260,Nuggets,0.695,57,25,2012
261,Nuggets,0.576,38,28,2011
262,Nuggets,0.61,50,32,2010
263,Nuggets,0.646,53,29,2009
264,Nuggets,0.659,54,28,2008
265,Nuggets,0.61,50,32,2007
266,Nuggets,0.549,45,37,2006
267,Nuggets,0.537,44,38,2005
268,Nuggets,0.598,49,33,2004
269,Nuggets,0.524,43,39,2003
270,Nuggets,0.207,17,65,2002
271,Nuggets,0.329,27,55,2001
272,Nuggets,0.488,40,42,2000
273,Nuggets,0.427,35,47,1999
274,Nuggets,0.28,14,36,1998
275,Nuggets,0.134,11,71,1997
276,Nuggets,0.256,21,61,1996
277,Nuggets,0.427,35,47,1995
278,Nuggets,0.5,41,41,1994
279,Nuggets,0.512,42,40,1993
280,Nuggets,0.439,36,46,1992
281,Nuggets,0.293,24,58,1991
282,Nuggets,0.244,20,62,1990
283,Nuggets,0.524,43,39,1989
284,Nuggets,0.537,44,38,1988
285,Nuggets,0.659,54,28,1987
286,Nuggets,0.451,37,45,1986
287,Nuggets,0.573,47,35,1985
288,Nuggets,0.634,52,30,1984
289,Nuggets,0.463,38,44,1983
290,Nuggets,0.549,45,37,1982
291,Nuggets,0.561,46,36,1981
292,Nuggets,0.451,37,45,1980
293,Pistons,0.476,39,43,2017
294,Pistons,0.451,37,45,2016
295,Pistons,0.537,44,38,2015
296,Pistons,0.39,32,50,2014
297,Pistons,0.354,29,53,2013
298,Pistons,0.354,29,53,2012
299,Pistons,0.379,25,41,2011
300,Pistons,0.366,30,52,2010
301,Pistons,0.329,27,55,2009
302,Pistons,0.476,39,43,2008
303,Pistons,0.72,59,23,2007
304,Pistons,0.646,53,29,2006
305,Pistons,0.78,64,18,2005
306,Pistons,0.659,54,28,2004
307,Pistons,0.659,54,28,2003
308,Pistons,0.61,50,32,2002
309,Pistons,0.61,50,32,2001
310,Pistons,0.39,32,50,2000
311,Pistons,0.512,42,40,1999
312,Pistons,0.58,29,21,1998
313,Pistons,0.451,37,45,1997
314,Pistons,0.659,54,28,1996
315,Pistons,0.561,46,36,1995
316,Pistons,0.341,28,54,1994
317,Pistons,0.244,20,62,1993
318,Pistons,0.488,40,42,1992
319,Pistons,0.585,48,34,1991
320,Pistons,0.61,50,32,1990
321,Pistons,0.72,59,23,1989
322,Pistons,0.768,63,19,1988
323,Pistons,0.659,54,28,1987
324,Pistons,0.634,52,30,1986
325,Pistons,0.561,46,36,1985
326,Pistons,0.561,46,36,1984
327,Pistons,0.598,49,33,1983
328,Pistons,0.451,37,45,1982
329,Pistons,0.476,39,43,1981
330,Pistons,0.256,21,61,1980
331,Pistons,0.195,16,66,1979
332,Warriors,0.707,58,24,2017
333,Warriors,0.817,67,15,2016
334,Warriors,0.89,73,9,2015
335,Warriors,0.817,67,15,2014
336,Warriors,0.622,51,31,2013
337,Warriors,0.573,47,35,2012
338,Warriors,0.348,23,43,2011
339,Warriors,0.439,36,46,2010
340,Warriors,0.317,26,56,2009
341,Warriors,0.354,29,53,2008
342,Warriors,0.585,48,34,2007
343,Warriors,0.512,42,40,2006
344,Warriors,0.415,34,48,2005
345,Warriors,0.415,34,48,2004
346,Warriors,0.451,37,45,2003
347,Warriors,0.463,38,44,2002
348,Warriors,0.256,21,61,2001
349,Warriors,0.207,17,65,2000
350,Warriors,0.232,19,63,1999
351,Warriors,0.42,21,29,1998
352,Warriors,0.232,19,63,1997
353,Warriors,0.366,30,52,1996
354,Warriors,0.439,36,46,1995
355,Warriors,0.317,26,56,1994
356,Warriors,0.61,50,32,1993
357,Warriors,0.415,34,48,1992
358,Warriors,0.671,55,27,1991
359,Warriors,0.537,44,38,1990
360,Warriors,0.451,37,45,1989
361,Warriors,0.524,43,39,1988
362,Warriors,0.244,20,62,1987
363,Warriors,0.512,42,40,1986
364,Warriors,0.366,30,52,1985
365,Warriors,0.268,22,60,1984
366,Warriors,0.451,37,45,1983
367,Warriors,0.366,30,52,1982
368,Warriors,0.549,45,37,1981
369,Warriors,0.476,39,43,1980
370,Rockets,0.793,65,17,2017
371,Rockets,0.671,55,27,2016
372,Rockets,0.5,41,41,2015
373,Rockets,0.683,56,26,2014
374,Rockets,0.659,54,28,2013
375,Rockets,0.549,45,37,2012
376,Rockets,0.515,34,32,2011
377,Rockets,0.524,43,39,2010
378,Rockets,0.512,42,40,2009
379,Rockets,0.646,53,29,2008
380,Rockets,0.671,55,27,2007
381,Rockets,0.634,52,30,2006
382,Rockets,0.415,34,48,2005
383,Rockets,0.622,51,31,2004
384,Rockets,0.549,45,37,2003
385,Rockets,0.524,43,39,2002
386,Rockets,0.341,28,54,2001
387,Rockets,0.549,45,37,2000
388,Rockets,0.415,34,48,1999
389,Rockets,0.62,31,19,1998
390,Rockets,0.5,41,41,1997
391,Rockets,0.695,57,25,1996
392,Rockets,0.585,48,34,1995
393,Rockets,0.573,47,35,1994
394,Rockets,0.707,58,24,1993
395,Rockets,0.671,55,27,1992
396,Rockets,0.512,42,40,1991
397,Rockets,0.634,52,30,1990
398,Rockets,0.5,41,41,1989
399,Rockets,0.549,45,37,1988
400,Rockets,0.561,46,36,1987
401,Rockets,0.512,42,40,1986
402,Rockets,0.622,51,31,1985
403,Rockets,0.585,48,34,1984
404,Rockets,0.354,29,53,1983
405,Rockets,0.171,14,68,1982
406,Rockets,0.561,46,36,1981
407,Rockets,0.488,40,42,1980
408,Pacers,0.585,48,34,2017
409,Pacers,0.512,42,40,2016
410,Pacers,0.549,45,37,2015
411,Pacers,0.463,38,44,2014
412,Pacers,0.683,56,26,2013
413,Pacers,0.605,49,32,2012
414,Pacers,0.636,42,24,2011
415,Pacers,0.451,37,45,2010
416,Pacers,0.39,32,50,2009
417,Pacers,0.439,36,46,2008
418,Pacers,0.439,36,46,2007
419,Pacers,0.427,35,47,2006
420,Pacers,0.5,41,41,2005
421,Pacers,0.537,44,38,2004
422,Pacers,0.744,61,21,2003
423,Pacers,0.585,48,34,2002
424,Pacers,0.512,42,40,2001
425,Pacers,0.5,41,41,2000
426,Pacers,0.683,56,26,1999
427,Pacers,0.66,33,17,1998
428,Pacers,0.707,58,24,1997
429,Pacers,0.476,39,43,1996
430,Pacers,0.634,52,30,1995
431,Pacers,0.634,52,30,1994
432,Pacers,0.573,47,35,1993
433,Pacers,0.5,41,41,1992
434,Pacers,0.488,40,42,1991
435,Pacers,0.5,41,41,1990
436,Pacers,0.512,42,40,1989
437,Pacers,0.341,28,54,1988
438,Pacers,0.463,38,44,1987
439,Pacers,0.5,41,41,1986
440,Pacers,0.317,26,56,1985
441,Pacers,0.268,22,60,1984
442,Pacers,0.317,26,56,1983
443,Pacers,0.244,20,62,1982
444,Pacers,0.427,35,47,1981
445,Pacers,0.537,44,38,1980
446,Clippers,0.512,42,40,2017
447,Clippers,0.622,51,31,2016
448,Clippers,0.646,53,29,2015
449,Clippers,0.683,56,26,2014
450,Clippers,0.695,57,25,2013
451,Clippers,0.683,56,26,2012
452,Clippers,0.606,40,26,2011
453,Clippers,0.39,32,50,2010
454,Clippers,0.354,29,53,2009
455,Clippers,0.232,19,63,2008
456,Clippers,0.28,23,59,2007
457,Clippers,0.488,40,42,2006
458,Clippers,0.573,47,35,2005
459,Clippers,0.451,37,45,2004
460,Clippers,0.341,28,54,2003
461,Clippers,0.329,27,55,2002
462,Clippers,0.476,39,43,2001
463,Clippers,0.378,31,51,2000
464,Clippers,0.183,15,67,1999
465,Clippers,0.18,9,41,1998
466,Clippers,0.207,17,65,1997
467,Clippers,0.439,36,46,1996
468,Clippers,0.354,29,53,1995
469,Clippers,0.207,17,65,1994
470,Clippers,0.329,27,55,1993
471,Clippers,0.5,41,41,1992
472,Clippers,0.549,45,37,1991
473,Clippers,0.378,31,51,1990
474,Clippers,0.366,30,52,1989
475,Clippers,0.256,21,61,1988
476,Clippers,0.207,17,65,1987
477,Clippers,0.146,12,70,1986
478,Clippers,0.39,32,50,1985
479,Clippers,0.378,31,51,1984
480,Clippers,0.366,30,52,1983
481,Clippers,0.305,25,57,1982
482,Clippers,0.207,17,65,1981
483,Clippers,0.439,36,46,1980
484,Lakers,0.427,35,47,2017
485,Lakers,0.317,26,56,2016
486,Lakers,0.207,17,65,2015
487,Lakers,0.256,21,61,2014
488,Lakers,0.329,27,55,2013
489,Lakers,0.549,45,37,2012
490,Lakers,0.621,41,25,2011
491,Lakers,0.695,57,25,2010
492,Lakers,0.695,57,25,2009
493,Lakers,0.793,65,17,2008
494,Lakers,0.695,57,25,2007
495,Lakers,0.512,42,40,2006
496,Lakers,0.549,45,37,2005
497,Lakers,0.415,34,48,2004
498,Lakers,0.683,56,26,2003
499,Lakers,0.61,50,32,2002
500,Lakers,0.707,58,24,2001
501,Lakers,0.683,56,26,2000
502,Lakers,0.817,67,15,1999
503,Lakers,0.62,31,19,1998
504,Lakers,0.744,61,21,1997
505,Lakers,0.683,56,26,1996
506,Lakers,0.646,53,29,1995
507,Lakers,0.585,48,34,1994
508,Lakers,0.402,33,49,1993
509,Lakers,0.476,39,43,1992
510,Lakers,0.524,43,39,1991
511,Lakers,0.707,58,24,1990
512,Lakers,0.768,63,19,1989
513,Lakers,0.695,57,25,1988
514,Lakers,0.756,62,20,1987
515,Lakers,0.793,65,17,1986
516,Lakers,0.756,62,20,1985
517,Lakers,0.756,62,20,1984
518,Lakers,0.659,54,28,1983
519,Lakers,0.707,58,24,1982
520,Lakers,0.695,57,25,1981
521,Lakers,0.659,54,28,1980
522,Grizzlies,0.268,22,60,2017
523,Grizzlies,0.524,43,39,2016
524,Grizzlies,0.512,42,40,2015
525,Grizzlies,0.671,55,27,2014
526,Grizzlies,0.61,50,32,2013
527,Grizzlies,0.683,56,26,2012
528,Grizzlies,0.621,41,25,2011
529,Grizzlies,0.561,46,36,2010
530,Grizzlies,0.488,40,42,2009
531,Grizzlies,0.293,24,58,2008
532,Grizzlies,0.268,22,60,2007
533,Grizzlies,0.268,22,60,2006
534,Grizzlies,0.598,49,33,2005
535,Grizzlies,0.549,45,37,2004
536,Grizzlies,0.61,50,32,2003
537,Grizzlies,0.341,28,54,2002
538,Grizzlies,0.28,23,59,2001
539,Grizzlies,0.28,23,59,2000
540,Grizzlies,0.268,22,60,1999
541,Grizzlies,0.16,8,42,1998
542,Grizzlies,0.232,19,63,1997
543,Grizzlies,0.171,14,68,1996
544,Grizzlies,0.183,15,67,1995
545,Heat,0.537,44,38,2017
546,Heat,0.5,41,41,2016
547,Heat,0.585,48,34,2015
548,Heat,0.451,37,45,2014
549,Heat,0.659,54,28,2013
550,Heat,0.805,66,16,2012
551,Heat,0.697,46,20,2011
552,Heat,0.707,58,24,2010
553,Heat,0.573,47,35,2009
554,Heat,0.524,43,39,2008
555,Heat,0.183,15,67,2007
556,Heat,0.537,44,38,2006
557,Heat,0.634,52,30,2005
558,Heat,0.72,59,23,2004
559,Heat,0.512,42,40,2003
560,Heat,0.305,25,57,2002
561,Heat,0.439,36,46,2001
562,Heat,0.61,50,32,2000
563,Heat,0.634,52,30,1999
564,Heat,0.66,33,17,1998
565,Heat,0.671,55,27,1997
566,Heat,0.744,61,21,1996
567,Heat,0.512,42,40,1995
568,Heat,0.39,32,50,1994
569,Heat,0.512,42,40,1993
570,Heat,0.439,36,46,1992
571,Heat,0.463,38,44,1991
572,Heat,0.293,24,58,1990
573,Heat,0.22,18,64,1989
574,Heat,0.183,15,67,1988
575,Bucks,0.537,44,38,2017
576,Bucks,0.512,42,40,2016
577,Bucks,0.402,33,49,2015
578,Bucks,0.5,41,41,2014
579,Bucks,0.183,15,67,2013
580,Bucks,0.463,38,44,2012
581,Bucks,0.47,31,35,2011
582,Bucks,0.427,35,47,2010
583,Bucks,0.561,46,36,2009
584,Bucks,0.415,34,48,2008
585,Bucks,0.317,26,56,2007
586,Bucks,0.341,28,54,2006
587,Bucks,0.488,40,42,2005
588,Bucks,0.366,30,52,2004
589,Bucks,0.5,41,41,2003
590,Bucks,0.512,42,40,2002
591,Bucks,0.5,41,41,2001
592,Bucks,0.634,52,30,2000
593,Bucks,0.512,42,40,1999
594,Bucks,0.56,28,22,1998
595,Bucks,0.439,36,46,1997
596,Bucks,0.402,33,49,1996
597,Bucks,0.305,25,57,1995
598,Bucks,0.415,34,48,1994
599,Bucks,0.244,20,62,1993
600,Bucks,0.341,28,54,1992
601,Bucks,0.378,31,51,1991
602,Bucks,0.585,48,34,1990
603,Bucks,0.537,44,38,1989
604,Bucks,0.598,49,33,1988
605,Bucks,0.512,42,40,1987
606,Bucks,0.61,50,32,1986
607,Bucks,0.695,57,25,1985
608,Bucks,0.72,59,23,1984
609,Bucks,0.61,50,32,1983
610,Bucks,0.622,51,31,1982
611,Bucks,0.671,55,27,1981
612,Bucks,0.732,60,22,1980
613,Timberwolves,0.573,47,35,2017
614,Timberwolves,0.378,31,51,2016
615,Timberwolves,0.354,29,53,2015
616,Timberwolves,0.195,16,66,2014
617,Timberwolves,0.488,40,42,2013
618,Timberwolves,0.378,31,51,2012
619,Timberwolves,0.394,26,40,2011
620,Timberwolves,0.207,17,65,2010
621,Timberwolves,0.183,15,67,2009
622,Timberwolves,0.293,24,58,2008
623,Timberwolves,0.268,22,60,2007
624,Timberwolves,0.39,32,50,2006
625,Timberwolves,0.402,33,49,2005
626,Timberwolves,0.537,44,38,2004
627,Timberwolves,0.707,58,24,2003
628,Timberwolves,0.622,51,31,2002
629,Timberwolves,0.61,50,32,2001
630,Timberwolves,0.573,47,35,2000
631,Timberwolves,0.61,50,32,1999
632,Timberwolves,0.5,25,25,1998
633,Timberwolves,0.549,45,37,1997
634,Timberwolves,0.488,40,42,1996
635,Timberwolves,0.317,26,56,1995
636,Timberwolves,0.256,21,61,1994
637,Timberwolves,0.244,20,62,1993
638,Timberwolves,0.232,19,63,1992
639,Timberwolves,0.183,15,67,1991
640,Timberwolves,0.354,29,53,1990
641,Timberwolves,0.268,22,60,1989
642,Pelicans,0.585,48,34,2017
643,Pelicans,0.415,34,48,2016
644,Pelicans,0.366,30,52,2015
645,Pelicans,0.549,45,37,2014
646,Pelicans,0.415,34,48,2013
647,Hornets,0.329,27,55,2012
648,Hornets,0.318,21,45,2011
649,Hornets,0.561,46,36,2010
650,Hornets,0.451,37,45,2009
651,Hornets,0.598,49,33,2008
652,Hornets,0.683,56,26,2007
653,Hornets,0.476,39,43,2006
654,Hornets,0.463,38,44,2005
655,Hornets,0.22,18,64,2004
656,Hornets,0.5,41,41,2003
657,Hornets,0.573,47,35,2002
658,Knicks,0.354,29,53,2017
659,Knicks,0.378,31,51,2016
660,Knicks,0.39,32,50,2015
661,Knicks,0.207,17,65,2014
662,Knicks,0.451,37,45,2013
663,Knicks,0.659,54,28,2012
664,Knicks,0.545,36,30,2011
665,Knicks,0.512,42,40,2010
666,Knicks,0.354,29,53,2009
667,Knicks,0.39,32,50,2008
668,Knicks,0.28,23,59,2007
669,Knicks,0.402,33,49,2006
670,Knicks,0.28,23,59,2005
671,Knicks,0.402,33,49,2004
672,Knicks,0.476,39,43,2003
673,Knicks,0.451,37,45,2002
674,Knicks,0.366,30,52,2001
675,Knicks,0.585,48,34,2000
676,Knicks,0.61,50,32,1999
677,Knicks,0.54,27,23,1998
678,Knicks,0.524,43,39,1997
679,Knicks,0.695,57,25,1996
680,Knicks,0.573,47,35,1995
681,Knicks,0.671,55,27,1994
682,Knicks,0.695,57,25,1993
683,Knicks,0.732,60,22,1992
684,Knicks,0.622,51,31,1991
685,Knicks,0.476,39,43,1990
686,Knicks,0.549,45,37,1989
687,Knicks,0.634,52,30,1988
688,Knicks,0.463,38,44,1987
689,Knicks,0.293,24,58,1986
690,Knicks,0.28,23,59,1985
691,Knicks,0.293,24,58,1984
692,Knicks,0.573,47,35,1983
693,Knicks,0.537,44,38,1982
694,Knicks,0.402,33,49,1981
695,Knicks,0.61,50,32,1980
696,Thunder,0.585,48,34,2017
697,Thunder,0.573,47,35,2016
698,Thunder,0.671,55,27,2015
699,Thunder,0.549,45,37,2014
700,Thunder,0.72,59,23,2013
701,Thunder,0.732,60,22,2012
702,Thunder,0.712,47,19,2011
703,Thunder,0.671,55,27,2010
704,Thunder,0.61,50,32,2009
705,Thunder,0.28,23,59,2008
706,Supersonics,0.244,20,62,2007
707,Supersonics,0.378,31,51,2006
708,Supersonics,0.427,35,47,2005
709,Supersonics,0.634,52,30,2004
710,Supersonics,0.451,37,45,2003
711,Supersonics,0.488,40,42,2002
712,Supersonics,0.549,45,37,2001
713,Supersonics,0.537,44,38,2000
714,Supersonics,0.549,45,37,1999
715,Supersonics,0.5,25,25,1998
716,Supersonics,0.744,61,21,1997
717,Supersonics,0.695,57,25,1996
718,Supersonics,0.78,64,18,1995
719,Supersonics,0.695,57,25,1994
720,Supersonics,0.768,63,19,1993
721,Supersonics,0.671,55,27,1992
722,Supersonics,0.573,47,35,1991
723,Supersonics,0.5,41,41,1990
724,Supersonics,0.5,41,41,1989
725,Supersonics,0.573,47,35,1988
726,Supersonics,0.537,44,38,1987
727,Supersonics,0.476,39,43,1986
728,Supersonics,0.378,31,51,1985
729,Supersonics,0.378,31,51,1984
730,Supersonics,0.512,42,40,1983
731,Supersonics,0.585,48,34,1982
732,Supersonics,0.634,52,30,1981
733,Supersonics,0.415,34,48,1980
734,Magic,0.305,25,57,2017
735,Magic,0.354,29,53,2016
736,Magic,0.427,35,47,2015
737,Magic,0.305,25,57,2014
738,Magic,0.28,23,59,2013
739,Magic,0.244,20,62,2012
740,Magic,0.561,37,29,2011
741,Magic,0.634,52,30,2010
742,Magic,0.72,59,23,2009
743,Magic,0.72,59,23,2008
744,Magic,0.634,52,30,2007
745,Magic,0.488,40,42,2006
746,Magic,0.439,36,46,2005
747,Magic,0.439,36,46,2004
748,Magic,0.256,21,61,2003
749,Magic,0.512,42,40,2002
750,Magic,0.537,44,38,2001
751,Magic,0.524,43,39,2000
752,Magic,0.5,41,41,1999
753,Magic,0.66,33,17,1998
754,Magic,0.5,41,41,1997
755,Magic,0.549,45,37,1996
756,Magic,0.732,60,22,1995
757,Magic,0.695,57,25,1994
758,Magic,0.61,50,32,1993
759,Magic,0.5,41,41,1992
760,Magic,0.256,21,61,1991
761,Magic,0.378,31,51,1990
762,Magic,0.22,18,64,1989
763,76ers,0.634,52,30,2017
764,76ers,0.341,28,54,2016
765,76ers,0.122,10,72,2015
766,76ers,0.22,18,64,2014
767,76ers,0.232,19,63,2013
768,76ers,0.415,34,48,2012
769,76ers,0.53,35,31,2011
770,76ers,0.5,41,41,2010
771,76ers,0.329,27,55,2009
772,76ers,0.5,41,41,2008
773,76ers,0.488,40,42,2007
774,76ers,0.427,35,47,2006
775,76ers,0.463,38,44,2005
776,76ers,0.524,43,39,2004
777,76ers,0.402,33,49,2003
778,76ers,0.585,48,34,2002
779,76ers,0.524,43,39,2001
780,76ers,0.683,56,26,2000
781,76ers,0.598,49,33,1999
782,76ers,0.56,28,22,1998
783,76ers,0.378,31,51,1997
784,76ers,0.268,22,60,1996
785,76ers,0.22,18,64,1995
786,76ers,0.293,24,58,1994
787,76ers,0.305,25,57,1993
788,76ers,0.317,26,56,1992
789,76ers,0.427,35,47,1991
790,76ers,0.537,44,38,1990
791,76ers,0.646,53,29,1989
792,76ers,0.561,46,36,1988
793,76ers,0.439,36,46,1987
794,76ers,0.549,45,37,1986
795,76ers,0.659,54,28,1985
796,76ers,0.707,58,24,1984
797,76ers,0.634,52,30,1983
798,76ers,0.793,65,17,1982
799,76ers,0.707,58,24,1981
800,76ers,0.756,62,20,1980
801,Suns,0.256,21,61,2017
802,Suns,0.293,24,58,2016
803,Suns,0.28,23,59,2015
804,Suns,0.476,39,43,2014
805,Suns,0.585,48,34,2013
806,Suns,0.305,25,57,2012
807,Suns,0.5,33,33,2011
808,Suns,0.488,40,42,2010
809,Suns,0.659,54,28,2009
810,Suns,0.561,46,36,2008
811,Suns,0.671,55,27,2007
812,Suns,0.744,61,21,2006
813,Suns,0.659,54,28,2005
814,Suns,0.756,62,20,2004
815,Suns,0.354,29,53,2003
816,Suns,0.537,44,38,2002
817,Suns,0.439,36,46,2001
818,Suns,0.622,51,31,2000
819,Suns,0.646,53,29,1999
820,Suns,0.54,27,23,1998
821,Suns,0.683,56,26,1997
822,Suns,0.488,40,42,1996
823,Suns,0.5,41,41,1995
824,Suns,0.72,59,23,1994
825,Suns,0.683,56,26,1993
826,Suns,0.756,62,20,1992
827,Suns,0.646,53,29,1991
828,Suns,0.671,55,27,1990
829,Suns,0.659,54,28,1989
830,Suns,0.671,55,27,1988
831,Suns,0.341,28,54,1987
832,Suns,0.439,36,46,1986
833,Suns,0.39,32,50,1985
834,Suns,0.439,36,46,1984
835,Suns,0.5,41,41,1983
836,Suns,0.646,53,29,1982
837,Suns,0.561,46,36,1981
838,Suns,0.695,57,25,1980
839,Trail Blazers,0.598,49,33,2017
840,Trail Blazers,0.5,41,41,2016
841,Trail Blazers,0.537,44,38,2015
842,Trail Blazers,0.622,51,31,2014
843,Trail Blazers,0.659,54,28,2013
844,Trail Blazers,0.402,33,49,2012
845,Trail Blazers,0.424,28,38,2011
846,Trail Blazers,0.585,48,34,2010
847,Trail Blazers,0.61,50,32,2009
848,Trail Blazers,0.659,54,28,2008
849,Trail Blazers,0.5,41,41,2007
850,Trail Blazers,0.39,32,50,2006
851,Trail Blazers,0.256,21,61,2005
852,Trail Blazers,0.329,27,55,2004
853,Trail Blazers,0.5,41,41,2003
854,Trail Blazers,0.61,50,32,2002
855,Trail Blazers,0.598,49,33,2001
856,Trail Blazers,0.61,50,32,2000
857,Trail Blazers,0.72,59,23,1999
858,Trail Blazers,0.7,35,15,1998
859,Trail Blazers,0.561,46,36,1997
860,Trail Blazers,0.598,49,33,1996
861,Trail Blazers,0.537,44,38,1995
862,Trail Blazers,0.537,44,38,1994
863,Trail Blazers,0.573,47,35,1993
864,Trail Blazers,0.622,51,31,1992
865,Trail Blazers,0.695,57,25,1991
866,Trail Blazers,0.768,63,19,1990
867,Trail Blazers,0.72,59,23,1989
868,Trail Blazers,0.476,39,43,1988
869,Trail Blazers,0.646,53,29,1987
870,Trail Blazers,0.598,49,33,1986
871,Trail Blazers,0.488,40,42,1985
872,Trail Blazers,0.512,42,40,1984
873,Trail Blazers,0.585,48,34,1983
874,Trail Blazers,0.561,46,36,1982
875,Trail Blazers,0.512,42,40,1981
876,Trail Blazers,0.549,45,37,1980
877,Kings,0.329,27,55,2017
878,Kings,0.39,32,50,2016
879,Kings,0.402,33,49,2015
880,Kings,0.354,29,53,2014
881,Kings,0.341,28,54,2013
882,Kings,0.341,28,54,2012
883,Kings,0.333,22,44,2011
884,Kings,0.293,24,58,2010
885,Kings,0.305,25,57,2009
886,Kings,0.207,17,65,2008
887,Kings,0.463,38,44,2007
888,Kings,0.402,33,49,2006
889,Kings,0.537,44,38,2005
890,Kings,0.61,50,32,2004
891,Kings,0.671,55,27,2003
892,Kings,0.72,59,23,2002
893,Kings,0.744,61,21,2001
894,Kings,0.671,55,27,2000
895,Kings,0.537,44,38,1999
896,Kings,0.54,27,23,1998
897,Kings,0.329,27,55,1997
898,Kings,0.415,34,48,1996
899,Kings,0.476,39,43,1995
900,Kings,0.476,39,43,1994
901,Kings,0.341,28,54,1993
902,Kings,0.305,25,57,1992
903,Kings,0.354,29,53,1991
904,Kings,0.305,25,57,1990
905,Kings,0.28,23,59,1989
906,Kings,0.329,27,55,1988
907,Kings,0.293,24,58,1987
908,Kings,0.354,29,53,1986
909,Kings,0.451,37,45,1985
910,Kings,0.378,31,51,1984
911,Kings,0.463,38,44,1983
912,Kings,0.549,45,37,1982
913,Kings,0.366,30,52,1981
914,Kings,0.488,40,42,1980
915,Spurs,0.573,47,35,2017
916,Spurs,0.744,61,21,2016
917,Spurs,0.817,67,15,2015
918,Spurs,0.671,55,27,2014
919,Spurs,0.756,62,20,2013
920,Spurs,0.707,58,24,2012
921,Spurs,0.758,50,16,2011
922,Spurs,0.744,61,21,2010
923,Spurs,0.61,50,32,2009
924,Spurs,0.659,54,28,2008
925,Spurs,0.683,56,26,2007
926,Spurs,0.707,58,24,2006
927,Spurs,0.768,63,19,2005
928,Spurs,0.72,59,23,2004
929,Spurs,0.695,57,25,2003
930,Spurs,0.732,60,22,2002
931,Spurs,0.707,58,24,2001
932,Spurs,0.707,58,24,2000
933,Spurs,0.646,53,29,1999
934,Spurs,0.74,37,13,1998
935,Spurs,0.683,56,26,1997
936,Spurs,0.244,20,62,1996
937,Spurs,0.72,59,23,1995
938,Spurs,0.756,62,20,1994
939,Spurs,0.671,55,27,1993
940,Spurs,0.598,49,33,1992
941,Spurs,0.573,47,35,1991
942,Spurs,0.671,55,27,1990
943,Spurs,0.683,56,26,1989
944,Spurs,0.256,21,61,1988
945,Spurs,0.378,31,51,1987
946,Spurs,0.341,28,54,1986
947,Spurs,0.427,35,47,1985
948,Spurs,0.5,41,41,1984
949,Spurs,0.451,37,45,1983
950,Spurs,0.646,53,29,1982
951,Spurs,0.585,48,34,1981
952,Spurs,0.634,52,30,1980
953,Spurs,0.5,41,41,1979
954,Raptors,0.72,59,23,2017
955,Raptors,0.622,51,31,2016
956,Raptors,0.683,56,26,2015
957,Raptors,0.598,49,33,2014
958,Raptors,0.585,48,34,2013
959,Raptors,0.415,34,48,2012
960,Raptors,0.348,23,43,2011
961,Raptors,0.268,22,60,2010
962,Raptors,0.488,40,42,2009
963,Raptors,0.402,33,49,2008
964,Raptors,0.5,41,41,2007
965,Raptors,0.573,47,35,2006
966,Raptors,0.329,27,55,2005
967,Raptors,0.402,33,49,2004
968,Raptors,0.402,33,49,2003
969,Raptors,0.293,24,58,2002
970,Raptors,0.512,42,40,2001
971,Raptors,0.573,47,35,2000
972,Raptors,0.549,45,37,1999
973,Raptors,0.46,23,27,1998
974,Raptors,0.195,16,66,1997
975,Raptors,0.366,30,52,1996
976,Raptors,0.256,21,61,1995
977,Jazz,0.585,48,34,2017
978,Jazz,0.622,51,31,2016
979,Jazz,0.488,40,42,2015
980,Jazz,0.463,38,44,2014
981,Jazz,0.305,25,57,2013
982,Jazz,0.524,43,39,2012
983,Jazz,0.545,36,30,2011
984,Jazz,0.476,39,43,2010
985,Jazz,0.646,53,29,2009
986,Jazz,0.585,48,34,2008
987,Jazz,0.659,54,28,2007
988,Jazz,0.622,51,31,2006
989,Jazz,0.5,41,41,2005
990,Jazz,0.317,26,56,2004
991,Jazz,0.512,42,40,2003
992,Jazz,0.573,47,35,2002
993,Jazz,0.537,44,38,2001
994,Jazz,0.646,53,29,2000
995,Jazz,0.671,55,27,1999
996,Jazz,0.74,37,13,1998
997,Jazz,0.756,62,20,1997
998,Jazz,0.78,64,18,1996
999,Jazz,0.671,55,27,1995
1000,Jazz,0.732,60,22,1994
1001,Jazz,0.646,53,29,1993
1002,Jazz,0.573,47,35,1992
1003,Jazz,0.671,55,27,1991
1004,Jazz,0.659,54,28,1990
1005,Jazz,0.671,55,27,1989
1006,Jazz,0.622,51,31,1988
1007,Jazz,0.573,47,35,1987
1008,Jazz,0.537,44,38,1986
1009,Jazz,0.512,42,40,1985
1010,Jazz,0.5,41,41,1984
1011,Jazz,0.549,45,37,1983
1012,Jazz,0.366,30,52,1982
1013,Jazz,0.305,25,57,1981
1014,Jazz,0.341,28,54,1980
1015,Wizards,0.524,43,39,2017
1016,Wizards,0.598,49,33,2016
1017,Wizards,0.5,41,41,2015
1018,Wizards,0.561,46,36,2014
1019,Wizards,0.537,44,38,2013
1020,Wizards,0.354,29,53,2012
1021,Wizards,0.303,20,46,2011
1022,Wizards,0.28,23,59,2010
1023,Wizards,0.317,26,56,2009
1024,Wizards,0.232,19,63,2008
1025,Wizards,0.524,43,39,2007
1026,Wizards,0.5,41,41,2006
1027,Wizards,0.512,42,40,2005
1028,Wizards,0.549,45,37,2004
1029,Wizards,0.305,25,57,2003
1030,Wizards,0.451,37,45,2002
1031,Wizards,0.451,37,45,2001
1032,Wizards,0.232,19,63,2000
1033,Wizards,0.354,29,53,1999
1034,Wizards,0.36,18,32,1998
1035,Wizards,0.512,42,40,1997
1036,Bullets,0.537,44,38,1996
1037,Bullets,0.476,39,43,1995
1038,Bullets,0.256,21,61,1994
1039,Bullets,0.293,24,58,1993
1040,Bullets,0.268,22,60,1992
1041,Bullets,0.305,25,57,1991
1042,Bullets,0.366,30,52,1990
1043,Bullets,0.378,31,51,1989
1044,Bullets,0.488,40,42,1988
1045,Bullets,0.463,38,44,1987
1046,Bullets,0.512,42,40,1986
1047,Bullets,0.476,39,43,1985
1048,Bullets,0.488,40,42,1984
1049,Bullets,0.427,35,47,1983
1050,Bullets,0.512,42,40,1982
1051,Bullets,0.524,43,39,1981
1052,Bullets,0.476,39,43,1980
